{"entityTypes":[{"id":"faa486e3-4244-4cc2-afc8-45c6bbe9e34c","label":"Covid19","sireProp":{"mentionType":null,"subtypes":null,"roles":["faa486e3-4244-4cc2-afc8-45c6bbe9e34c"],"clazz":null,"color":null,"hotkey":null,"backGroundColor":null,"active":true,"roleOnly":false},"creationDate":1595698488156,"source":null,"modifiedDate":0,"typeType":null,"typeClass":null,"typeVersion":null,"typeDesc":null,"typeSuperType":null,"typeSuperTypeId":null,"typeCreateDate":null,"typeUpdateDate":null,"typeProvenance":null,"alchemyAPITypes":null,"nluAPITypes":null},{"id":"78d28a1d-e442-4280-be0e-543b50883d94","label":"Cold","sireProp":{"mentionType":null,"subtypes":null,"roles":["78d28a1d-e442-4280-be0e-543b50883d94"],"clazz":null,"color":null,"hotkey":null,"backGroundColor":null,"active":true,"roleOnly":false},"creationDate":1595698477792,"source":null,"modifiedDate":0,"typeType":null,"typeClass":null,"typeVersion":null,"typeDesc":null,"typeSuperType":null,"typeSuperTypeId":null,"typeCreateDate":null,"typeUpdateDate":null,"typeProvenance":null,"alchemyAPITypes":null,"nluAPITypes":null},{"id":"c8d6a25e-5aee-4042-8848-597bf9fff3d9","label":"Dengue","sireProp":{"mentionType":null,"subtypes":null,"roles":["c8d6a25e-5aee-4042-8848-597bf9fff3d9"],"clazz":null,"color":null,"hotkey":null,"backGroundColor":null,"active":true,"roleOnly":false},"creationDate":1595698434345,"source":null,"modifiedDate":0,"typeType":null,"typeClass":null,"typeVersion":null,"typeDesc":null,"typeSuperType":null,"typeSuperTypeId":null,"typeCreateDate":null,"typeUpdateDate":null,"typeProvenance":null,"alchemyAPITypes":null,"nluAPITypes":null}],"relationshipTypes":[],"sireInfo":{"entityProp":{"mentionType":[{"color":"white","hotkey":"1","backGroundColor":"#AA00FF","name":"NAM"},{"color":"black","hotkey":"2","backGroundColor":"#00FF7F","name":"NOM"},{"color":"black","hotkey":"3","backGroundColor":"#AAFFFF","name":"PRO"},{"color":"white","hotkey":"4","backGroundColor":"gray","name":"NONE"}],"subtypes":null,"roles":null,"clazz":[{"color":"#A5A5A5","hotkey":"3","backGroundColor":"white","name":"SPC"},{"color":"black","hotkey":"2","backGroundColor":"#00FF7F","name":"NEG"},{"color":"black","hotkey":"1","backGroundColor":"#AAFFFF","name":"GEN"}],"color":null,"hotkey":null,"backGroundColor":null,"active":true,"roleOnly":false},"relationProp":null},"functionalEntityTypes":[{"id":"CATCH_ALL_ENTITY_ID","label":"*","sireProp":{"mentionType":null,"subtypes":null,"roles":null,"clazz":null,"color":null,"hotkey":null,"backGroundColor":null,"active":true,"roleOnly":false},"creationDate":1595660300577,"source":null,"modifiedDate":0,"typeType":null,"typeClass":null,"typeVersion":null,"typeDesc":null,"typeSuperType":null,"typeSuperTypeId":null,"typeCreateDate":null,"typeUpdateDate":null,"typeProvenance":null,"alchemyAPITypes":null,"nluAPITypes":null}],"pid":"390bbcf0-ce44-11ea-bc66-077d19273d1f","modified_date":1595698496517,"kgimported":false}